Workbook

Sheet blawnox
A1: source | B1: distributor_zip | C1: zone | D1: private_cost_permile | E1: private_cost_mincharge | F1: publ_cost_permile | G1: publ_cost_mincharge | H1: weekly_volume | I1: weekly_shipments | J1: distributor_city | K1: distributor state
A2: Blawnox | B2: 59019 | C2: 7 | D2: =VLOOKUP($C2, private_rates!$A$2:$C$9, 2, FALSE) -> 0.58 | E2: =VLOOKUP($C2, private_rates!$A$2:$C$9, 3, FALSE) -> 6.3 | F2: =VLOOKUP($C2, published_rates!$A$2:$C$9, 2, FALSE) -> 0.54 | G2: =VLOOKUP($C2, published_rates!$A$2:$C$9, 3, FALSE) -> 6.1 | H2: =VLOOKUP($B2, demand!$A$2:$C$44, 2, FALSE) -> 779.84 | I2: =VLOOKUP($B2, demand!$A$2:$C$44, 3, FALSE) -> 30 | J2: =VLOOKUP($B2, distributors!$A$2:$C$44, 2, FALSE) -> Columbus | K2: =VLOOKUP($B2, distributors!$A$2:$C$44, 3, FALSE) -> MT
A3: Blawnox | B3: 59634 | C3: 7 | D3: =VLOOKUP($C3, private_rates!$A$2:$C$9, 2, FALSE) -> 0.58 | E3: =VLOOKUP($C3, private_rates!$A$2:$C$9, 3, FALSE) -> 6.3 | F3: =VLOOKUP($C3, published_rates!$A$2:$C$9, 2, FALSE) -> 0.54 | G3: =VLOOKUP($C3, published_rates!$A$2:$C$9, 3, FALSE) -> 6.1 | H3: =VLOOKUP($B3, demand!$A$2:$C$44, 2, FALSE) -> 730.33 | I3: =VLOOKUP($B3, demand!$A$2:$C$44, 3, FALSE) -> 29 | J3: =VLOOKUP($B3, distributors!$A$2:$C$44, 2, FALSE) -> Clancy | K3: =VLOOKUP($B3, distributors!$A$2:$C$44, 3, FALSE) -> MT
A4: Blawnox | B4: 59808 | C4: 7 | D4: =VLOOKUP($C4, private_rates!$A$2:$C$9, 2, FALSE) -> 0.58 | E4: =VLOOKUP($C4, private_rates!$A$2:$C$9, 3, FALSE) -> 6.3 | F4: =VLOOKUP($C4, published_rates!$A$2:$C$9, 2, FALSE) -> 0.54 | G4: =VLOOKUP($C4, published_rates!$A$2:$C$9, 3, FALSE) -> 6.1 | H4: =VLOOKUP($B4, demand!$A$2:$C$44, 2, FALSE) -> 568.34 | I4: =VLOOKUP($B4, demand!$A$2:$C$44, 3, FALSE) -> 23 | J4: =VLOOKUP($B4, distributors!$A$2:$C$44, 2, FALSE) -> Missoula | K4: =VLOOKUP($B4, distributors!$A$2:$C$44, 3, FALSE) -> MT
A5: Blawnox | B5: 81321 | C5: 7 | D5: =VLOOKUP($C5, private_rates!$A$2:$C$9, 2, FALSE) -> 0.58 | E5: =VLOOKUP($C5, private_rates!$A$2:$C$9, 3, FALSE) -> 6.3 | F5: =VLOOKUP($C5, published_rates!$A$2:$C$9, 2, FALSE) -> 0.54 | G5: =VLOOKUP($C5, published_rates!$A$2:$C$9, 3, FALSE) -> 6.1 | H5: =VLOOKUP($B5, demand!$A$2:$C$44, 2, FALSE) -> 759 | I5: =VLOOKUP($B5, demand!$A$2:$C$44, 3, FALSE) -> 32 | J5: =VLOOKUP($B5, distributors!$A$2:$C$44, 2, FALSE) -> Cortez | K5: =VLOOKUP($B5, distributors!$A$2:$C$44, 3, FALSE) -> CO
A6: Blawnox | B6: 81416 | C6: 7 | D6: =VLOOKUP($C6, private_rates!$A$2:$C$9, 2, FALSE) -> 0.58 | E6: =VLOOKUP($C6, private_rates!$A$2:$C$9, 3, FALSE) -> 6.3 | F6: =VLOOKUP($C6, published_rates!$A$2:$C$9, 2, FALSE) -> 0.54 | G6: =VLOOKUP($C6, published_rates!$A$2:$C$9, 3, FALSE) -> 6.1 | H6: =VLOOKUP($B6, demand!$A$2:$C$44, 2, FALSE) -> 976.23 | I6: =VLOOKUP($B6, demand!$A$2:$C$44, 3, FALSE) -> 37 | J6: =VLOOKUP($B6, distributors!$A$2:$C$44, 2, FALSE) -> Delta | K6: =VLOOKUP($B6, distributors!$A$2:$C$44, 3, FALSE) -> CO
A7: Blawnox | B7: 81504 | C7: 7 | D7: =VLOOKUP($C7, private_rates!$A$2:$C$9, 2, FALSE) -> 0.58 | E7: =VLOOKUP($C7, private_rates!$A$2:$C$9, 3, FALSE) -> 6.3 | F7: =VLOOKUP($C7, published_rates!$A$2:$C$9, 2, FALSE) -> 0.54 | G7: =VLOOKUP($C7, published_rates!$A$2:$C$9, 3, FALSE) -> 6.1 | H7: =VLOOKUP($B7, demand!$A$2:$C$44, 2, FALSE) -> 860.19 | I7: =VLOOKUP($B7, demand!$A$2:$C$44, 3, FALSE) -> 32 | J7: =VLOOKUP($B7, distributors!$A$2:$C$44, 2, FALSE) -> Grand Junction | K7: =VLOOKUP($B7, distributors!$A$2:$C$44, 3, FALSE) -> CO
A8: Blawnox | B8: 81650 | C8: 7 | D8: =VLOOKUP($C8, private_rates!$A$2:$C$9, 2, FALSE) -> 0.58 | E8: =VLOOKUP($C8, private_rates!$A$2:$C$9, 3, FALSE) -> 6.3 | F8: =VLOOKUP($C8, published_rates!$A$2:$C$9, 2, FALSE) -> 0.54 | G8: =VLOOKUP($C8, published_rates!$A$2:$C$9, 3, FALSE) -> 6.1 | H8: =VLOOKUP($B8, demand!$A$2:$C$44, 2, FALSE) -> 585.81 | I8: =VLOOKUP($B8, demand!$A$2:$C$44, 3, FALSE) -> 22 | J8: =VLOOKUP($B8, distributors!$A$2:$C$44, 2, FALSE) -> Rifle | K8: =VLOOKUP($B8, distributors!$A$2:$C$44, 3, FALSE) -> CO
A9: Blawnox | B9: 83014 | C9: 7 | D9: =VLOOKUP($C9, private_rates!$A$2:$C$9, 2, FALSE) -> 0.58 | E9: =VLOOKUP($C9, private_rates!$A$2:$C$9, 3, FALSE) -> 6.3 | F9: =VLOOKUP($C9, published_rates!$A$2:$C$9, 2, FALSE) -> 0.54 | G9: =VLOOKUP($C9, published_rates!$A$2:$C$9, 3, FALSE) -> 6.1 | H9: =VLOOKUP($B9, demand!$A$2:$C$44, 2, FALSE) -> 412.08 | I9: =VLOOKUP($B9, demand!$A$2:$C$44, 3, FALSE) -> 15 | J9: =VLOOKUP($B9, distributors!$A$2:$C$44, 2, FALSE) -> Wilson | K9: =VLOOKUP($B9, distributors!$A$2:$C$44, 3, FALSE) -> WY
A10: Blawnox | B10: 83338 | C10: 7 | D10: =VLOOKUP($C10, private_rates!$A$2:$C$9, 2, FALSE) -> 0.58 | E10: =VLOOKUP($C10, private_rates!$A$2:$C$9, 3, FALSE) -> 6.3 | F10: =VLOOKUP($C10, published_rates!$A$2:$C$9, 2, FALSE) -> 0.54 | G10: =VLOOKUP($C10, published_rates!$A$2:$C$9, 3, FALSE) -> 6.1 | H10: =VLOOKUP($B10, demand!$A$2:$C$44, 2, FALSE) -> 546.13 | I10: =VLOOKUP($B10, demand!$A$2:$C$44, 3, FALSE) -> 21 | J10: =VLOOKUP($B10, distributors!$A$2:$C$44, 2, FALSE) -> Jerome | K10: =VLOOKUP($B10, distributors!$A$2:$C$44, 3, FALSE) -> ID
A11: Blawnox | B11: 83544 | C11: 8 | D11: =VLOOKUP($C11, private_rates!$A$2:$C$9, 2, FALSE) -> 0.7 | E11: =VLOOKUP($C11, private_rates!$A$2:$C$9, 3, FALSE) -> 7.4 | F11: =VLOOKUP($C11, published_rates!$A$2:$C$9, 2, FALSE) -> 0.59 | G11: =VLOOKUP($C11, published_rates!$A$2:$C$9, 3, FALSE) -> 6.45 | H11: =VLOOKUP($B11, demand!$A$2:$C$44, 2, FALSE) -> 599.47 | I11: =VLOOKUP($B11, demand!$A$2:$C$44, 3, FALSE) -> 22 | J11: =VLOOKUP($B11, distributors!$A$2:$C$44, 2, FALSE) -> Orofino | K11: =VLOOKUP($B11, distributors!$A$2:$C$44, 3, FALSE) -> ID
A12: Blawnox | B12: 83638 | C12: 8 | D12: =VLOOKUP($C12, private_rates!$A$2:$C$9, 2, FALSE) -> 0.7 | E12: =VLOOKUP($C12, private_rates!$A$2:$C$9, 3, FALSE) -> 7.4 | F12: =VLOOKUP($C12, published_rates!$A$2:$C$9, 2, FALSE) -> 0.59 | G12: =VLOOKUP($C12, published_rates!$A$2:$C$9, 3, FALSE) -> 6.45 | H12: =VLOOKUP($B12, demand!$A$2:$C$44, 2, FALSE) -> 853.41 | I12: =VLOOKUP($B12, demand!$A$2:$C$44, 3, FALSE) -> 30 | J12: =VLOOKUP($B12, distributors!$A$2:$C$44, 2, FALSE) -> McCall | K12: =VLOOKUP($B12, distributors!$A$2:$C$44, 3, FALSE) -> ID
A13: Blawnox | B13: 83706 | C13: 8 | D13: =VLOOKUP($C13, private_rates!$A$2:$C$9, 2, FALSE) -> 0.7 | E13: =VLOOKUP($C13, private_rates!$A$2:$C$9, 3, FALSE) -> 7.4 | F13: =VLOOKUP($C13, published_rates!$A$2:$C$9, 2, FALSE) -> 0.59 | G13: =VLOOKUP($C13, published_rates!$A$2:$C$9, 3, FALSE) -> 6.45 | H13: =VLOOKUP($B13, demand!$A$2:$C$44, 2, FALSE) -> 518.52 | I13: =VLOOKUP($B13, demand!$A$2:$C$44, 3, FALSE) -> 18 | J13: =VLOOKUP($B13, distributors!$A$2:$C$44, 2, FALSE) -> Boise | K13: =VLOOKUP($B13, distributors!$A$2:$C$44, 3, FALSE) -> ID
... A44: Blawnox | B44: 99350 | C44: 8 | D44: =VLOOKUP($C44, private_rates!$A$2:$C$9, 2, FALSE) -> 0.7 | E44: =VLOOKUP($C44, private_rates!$A$2:$C$9, 3, FALSE) -> 7.4 | F44: =VLOOKUP($C44, published_rates!$A$2:$C$9, 2, FALSE) -> 0.59 | G44: =VLOOKUP($C44, published_rates!$A$2:$C$9, 3, FALSE) -> 6.45 | H44: =VLOOKUP($B44, demand!$A$2:$C$44, 2, FALSE) -> 711.8 | I44: =VLOOKUP($B44, demand!$A$2:$C$44, 3, FALSE) -> 22 | J44: =VLOOKUP($B44, distributors!$A$2:$C$44, 2, FALSE) -> Prosser | K44: =VLOOKUP($B44, distributors!$A$2:$C$44, 3, FALSE) -> WA

Sheet distributor_zones
A1: source | B1: distributor_zip | C1: zone | D1: private_cost_permile | E1: private_cost_mincharge | F1: publ_cost_permile | G1: publ_cost_mincharge | H1: weekly_volume | I1: weekly_shipments | J1: distributor_city | K1: distributor state
A2: City of Industry | B2: 59019 | C2: 5 | D2: =VLOOKUP($C2, private_rates!$A$2:$C$9, 2, FALSE) -> 0.4 | E2: =VLOOKUP($C2, private_rates!$A$2:$C$9, 3, FALSE) -> 5 | F2: =VLOOKUP($C2, published_rates!$A$2:$C$9, 2, FALSE) -> 0.46 | G2: =VLOOKUP($C2, published_rates!$A$2:$C$9, 3, FALSE) -> 5.4 | H2: =VLOOKUP($B2, demand!$A$2:$C$44, 2, FALSE) -> 779.84 | I2: =VLOOKUP($B2, demand!$A$2:$C$44, 3, FALSE) -> 30 | J2: =VLOOKUP($B2, distributors!$A$2:$C$44, 2, FALSE) -> Columbus | K2: =VLOOKUP($B2, distributors!$A$2:$C$44, 3, FALSE) -> MT
A3: City of Industry | B3: 59634 | C3: 5 | D3: =VLOOKUP($C3, private_rates!$A$2:$C$9, 2, FALSE) -> 0.4 | E3: =VLOOKUP($C3, private_rates!$A$2:$C$9, 3, FALSE) -> 5 | F3: =VLOOKUP($C3, published_rates!$A$2:$C$9, 2, FALSE) -> 0.46 | G3: =VLOOKUP($C3, published_rates!$A$2:$C$9, 3, FALSE) -> 5.4 | H3: =VLOOKUP($B3, demand!$A$2:$C$44, 2, FALSE) -> 730.33 | I3: =VLOOKUP($B3, demand!$A$2:$C$44, 3, FALSE) -> 29 | J3: =VLOOKUP($B3, distributors!$A$2:$C$44, 2, FALSE) -> Clancy | K3: =VLOOKUP($B3, distributors!$A$2:$C$44, 3, FALSE) -> MT
A4: City of Industry | B4: 59808 | C4: 5 | D4: =VLOOKUP($C4, private_rates!$A$2:$C$9, 2, FALSE) -> 0.4 | E4: =VLOOKUP($C4, private_rates!$A$2:$C$9, 3, FALSE) -> 5 | F4: =VLOOKUP($C4, published_rates!$A$2:$C$9, 2, FALSE) -> 0.46 | G4: =VLOOKUP($C4, published_rates!$A$2:$C$9, 3, FALSE) -> 5.4 | H4: =VLOOKUP($B4, demand!$A$2:$C$44, 2, FALSE) -> 568.34 | I4: =VLOOKUP($B4, demand!$A$2:$C$44, 3, FALSE) -> 23 | J4: =VLOOKUP($B4, distributors!$A$2:$C$44, 2, FALSE) -> Missoula | K4: =VLOOKUP($B4, distributors!$A$2:$C$44, 3, FALSE) -> MT
A5: City of Industry | B5: 81321 | C5: 5 | D5: =VLOOKUP($C5, private_rates!$A$2:$C$9, 2, FALSE) -> 0.4 | E5: =VLOOKUP($C5, private_rates!$A$2:$C$9, 3, FALSE) -> 5 | F5: =VLOOKUP($C5, published_rates!$A$2:$C$9, 2, FALSE) -> 0.46 | G5: =VLOOKUP($C5, published_rates!$A$2:$C$9, 3, FALSE) -> 5.4 | H5: =VLOOKUP($B5, demand!$A$2:$C$44, 2, FALSE) -> 759 | I5: =VLOOKUP($B5, demand!$A$2:$C$44, 3, FALSE) -> 32 | J5: =VLOOKUP($B5, distributors!$A$2:$C$44, 2, FALSE) -> Cortez | K5: =VLOOKUP($B5, distributors!$A$2:$C$44, 3, FALSE) -> CO
A6: City of Industry | B6: 81416 | C6: 5 | D6: =VLOOKUP($C6, private_rates!$A$2:$C$9, 2, FALSE) -> 0.4 | E6: =VLOOKUP($C6, private_rates!$A$2:$C$9, 3, FALSE) -> 5 | F6: =VLOOKUP($C6, published_rates!$A$2:$C$9, 2, FALSE) -> 0.46 | G6: =VLOOKUP($C6, published_rates!$A$2:$C$9, 3, FALSE) -> 5.4 | H6: =VLOOKUP($B6, demand!$A$2:$C$44, 2, FALSE) -> 976.23 | I6: =VLOOKUP($B6, demand!$A$2:$C$44, 3, FALSE) -> 37 | J6: =VLOOKUP($B6, distributors!$A$2:$C$44, 2, FALSE) -> Delta | K6: =VLOOKUP($B6, distributors!$A$2:$C$44, 3, FALSE) -> CO
A7: City of Industry | B7: 81504 | C7: 5 | D7: =VLOOKUP($C7, private_rates!$A$2:$C$9, 2, FALSE) -> 0.4 | E7: =VLOOKUP($C7, private_rates!$A$2:$C$9, 3, FALSE) -> 5 | F7: =VLOOKUP($C7, published_rates!$A$2:$C$9, 2, FALSE) -> 0.46 | G7: =VLOOKUP($C7, published_rates!$A$2:$C$9, 3, FALSE) -> 5.4 | H7: =VLOOKUP($B7, demand!$A$2:$C$44, 2, FALSE) -> 860.19 | I7: =VLOOKUP($B7, demand!$A$2:$C$44, 3, FALSE) -> 32 | J7: =VLOOKUP($B7, distributors!$A$2:$C$44, 2, FALSE) -> Grand Junction | K7: =VLOOKUP($B7, distributors!$A$2:$C$44, 3, FALSE) -> CO
A8: City of Industry | B8: 81650 | C8: 5 | D8: =VLOOKUP($C8, private_rates!$A$2:$C$9, 2, FALSE) -> 0.4 | E8: =VLOOKUP($C8, private_rates!$A$2:$C$9, 3, FALSE) -> 5 | F8: =VLOOKUP($C8, published_rates!$A$2:$C$9, 2, FALSE) -> 0.46 | G8: =VLOOKUP($C8, published_rates!$A$2:$C$9, 3, FALSE) -> 5.4 | H8: =VLOOKUP($B8, demand!$A$2:$C$44, 2, FALSE) -> 585.81 | I8: =VLOOKUP($B8, demand!$A$2:$C$44, 3, FALSE) -> 22 | J8: =VLOOKUP($B8, distributors!$A$2:$C$44, 2, FALSE) -> Rifle | K8: =VLOOKUP($B8, distributors!$A$2:$C$44, 3, FALSE) -> CO
A9: City of Industry | B9: 83014 | C9: 5 | D9: =VLOOKUP($C9, private_rates!$A$2:$C$9, 2, FALSE) -> 0.4 | E9: =VLOOKUP($C9, private_rates!$A$2:$C$9, 3, FALSE) -> 5 | F9: =VLOOKUP($C9, published_rates!$A$2:$C$9, 2, FALSE) -> 0.46 | G9: =VLOOKUP($C9, published_rates!$A$2:$C$9, 3, FALSE) -> 5.4 | H9: =VLOOKUP($B9, demand!$A$2:$C$44, 2, FALSE) -> 412.08 | I9: =VLOOKUP($B9, demand!$A$2:$C$44, 3, FALSE) -> 15 | J9: =VLOOKUP($B9, distributors!$A$2:$C$44, 2, FALSE) -> Wilson | K9: =VLOOKUP($B9, distributors!$A$2:$C$44, 3, FALSE) -> WY
A10: City of Industry | B10: 83338 | C10: 5 | D10: =VLOOKUP($C10, private_rates!$A$2:$C$9, 2, FALSE) -> 0.4 | E10: =VLOOKUP($C10, private_rates!$A$2:$C$9, 3, FALSE) -> 5 | F10: =VLOOKUP($C10, published_rates!$A$2:$C$9, 2, FALSE) -> 0.46 | G10: =VLOOKUP($C10, published_rates!$A$2:$C$9, 3, FALSE) -> 5.4 | H10: =VLOOKUP($B10, demand!$A$2:$C$44, 2, FALSE) -> 546.13 | I10: =VLOOKUP($B10, demand!$A$2:$C$44, 3, FALSE) -> 21 | J10: =VLOOKUP($B10, distributors!$A$2:$C$44, 2, FALSE) -> Jerome | K10: =VLOOKUP($B10, distributors!$A$2:$C$44, 3, FALSE) -> ID
A11: City of Industry | B11: 83544 | C11: 5 | D11: =VLOOKUP($C11, private_rates!$A$2:$C$9, 2, FALSE) -> 0.4 | E11: =VLOOKUP($C11, private_rates!$A$2:$C$9, 3, FALSE) -> 5 | F11: =VLOOKUP($C11, published_rates!$A$2:$C$9, 2, FALSE) -> 0.46 | G11: =VLOOKUP($C11, published_rates!$A$2:$C$9, 3, FALSE) -> 5.4 | H11: =VLOOKUP($B11, demand!$A$2:$C$44, 2, FALSE) -> 599.47 | I11: =VLOOKUP($B11, demand!$A$2:$C$44, 3, FALSE) -> 22 | J11: =VLOOKUP($B11, distributors!$A$2:$C$44, 2, FALSE) -> Orofino | K11: =VLOOKUP($B11, distributors!$A$2:$C$44, 3, FALSE) -> ID
A12: City of Industry | B12: 83638 | C12: 5 | D12: =VLOOKUP($C12, private_rates!$A$2:$C$9, 2, FALSE) -> 0.4 | E12: =VLOOKUP($C12, private_rates!$A$2:$C$9, 3, FALSE) -> 5 | F12: =VLOOKUP($C12, published_rates!$A$2:$C$9, 2, FALSE) -> 0.46 | G12: =VLOOKUP($C12, published_rates!$A$2:$C$9, 3, FALSE) -> 5.4 | H12: =VLOOKUP($B12, demand!$A$2:$C$44, 2, FALSE) -> 853.41 | I12: =VLOOKUP($B12, demand!$A$2:$C$44, 3, FALSE) -> 30 | J12: =VLOOKUP($B12, distributors!$A$2:$C$44, 2, FALSE) -> McCall | K12: =VLOOKUP($B12, distributors!$A$2:$C$44, 3, FALSE) -> ID
A13: City of Industry | B13: 83706 | C13: 5 | D13: =VLOOKUP($C13, private_rates!$A$2:$C$9, 2, FALSE) -> 0.4 | E13: =VLOOKUP($C13, private_rates!$A$2:$C$9, 3, FALSE) -> 5 | F13: =VLOOKUP($C13, published_rates!$A$2:$C$9, 2, FALSE) -> 0.46 | G13: =VLOOKUP($C13, published_rates!$A$2:$C$9, 3, FALSE) -> 5.4 | H13: =VLOOKUP($B13, demand!$A$2:$C$44, 2, FALSE) -> 518.52 | I13: =VLOOKUP($B13, demand!$A$2:$C$44, 3, FALSE) -> 18 | J13: =VLOOKUP($B13, distributors!$A$2:$C$44, 2, FALSE) -> Boise | K13: =VLOOKUP($B13, distributors!$A$2:$C$44, 3, FALSE) -> ID
... A302: Walla Walla | B302: 99350 | C302: 2 | D302: =VLOOKUP($C302, private_rates!$A$2:$C$9, 2, FALSE) -> 0.28 | E302: =VLOOKUP($C302, private_rates!$A$2:$C$9, 3, FALSE) -> 4 | F302: =VLOOKUP($C302, published_rates!$A$2:$C$9, 2, FALSE) -> 0.33 | G302: =VLOOKUP($C302, published_rates!$A$2:$C$9, 3, FALSE) -> 4.2 | H302: =VLOOKUP($B302, demand!$A$2:$C$44, 2, FALSE) -> 711.8 | I302: =VLOOKUP($B302, demand!$A$2:$C$44, 3, FALSE) -> 22 | J302: =VLOOKUP($B302, distributors!$A$2:$C$44, 2, FALSE) -> Prosser | K302: =VLOOKUP($B302, distributors!$A$2:$C$44, 3, FALSE) -> WA

Sheet locations
A1: location | B1: state | C1: zip | D1: ftl_per_mile | E1: handling | F1: miles_from_plant | G1: fixed_cost | H1: type
A2: Blawnox | B2: PA | C2: 15238 | D2: 0 | E2: 0 | F2: 0 | G2: 0 | H2: plant
A3: City of Industry | B3: CA | C3: 91789 | D3: 1.1 | E3: 1.14 | F3: 2422 | G3: 40000 | H3: warehouse
A4: Coos Bay | B4: OR | C4: 97420 | D4: 1.1 | E4: 1.27 | F4: 2796 | G4: 40000 | H4: warehouse
A5: Laughlin | B5: NV | C5: 89029 | D5: 1.4 | E5: 1.23 | F5: 2160 | G5: 40000 | H5: warehouse
A6: Preston | B6: ID | C6: 83263 | D6: 1.35 | E6: 1.3 | F6: 1923 | G6: 40000 | H6: warehouse
A7: Tuba City | B7: AZ | C7: 86045 | D7: 1.25 | E7: 1.19 | F7: 2031 | G7: 40000 | H7: warehouse
A8: Vacaville | B8: CA | C8: 95687 | D8: 1.1 | E8: 1.36 | F8: 2531 | G8: 40000 | H8: warehouse
A9: Walla Walla | B9: WA | C9: 99362 | D9: 1.1 | E9: 1.08 | F9: 2401 | G9: 40000 | H9: warehouse

Sheet orders
A1: distributor_zip | B1: pounds
A2: 59019 | B2: 13.99
A3: 59019 | B3: 27.89
A4: 59019 | B4: 16.8
A5: 59019 | B5: 19.91
A6: 59019 | B6: 27.49
A7: 59019 | B7: 24.67
A8: 59019 | B8: 30.84
A9: 59019 | B9: 18.43
A10: 59019 | B10: 22.71
A11: 59019 | B11: 26.97
A12: 59019 | B12: 30.14
A13: 59019 | B13: 21.77
... A1061: 99350 | B1061: 30.51

Sheet distributors
A1: distributor_zip | B1: distributor_city | C1: distributor_state
A2: 59019 | B2: Columbus | C2: MT
A3: 59634 | B3: Clancy | C3: MT
A4: 59808 | B4: Missoula | C4: MT
A5: 81321 | B5: Cortez | C5: CO
A6: 81416 | B6: Delta | C6: CO
A7: 81504 | B7: Grand Junction | C7: CO
A8: 81650 | B8: Rifle | C8: CO
A9: 83014 | B9: Wilson | C9: WY
A10: 83338 | B10: Jerome | C10: ID
A11: 83544 | B11: Orofino | C11: ID
A12: 83638 | B12: McCall | C12: ID
A13: 83706 | B13: Boise | C13: ID
... A44: 99350 | B44: Prosser | C44: WA

Sheet demand
A1: distributor_zip | B1: weekly_volume | C1: weekly_shipments
A2: 59019 | B2: 779.84 | C2: 30
A3: 59634 | B3: 730.33 | C3: 29
A4: 59808 | B4: 568.34 | C4: 23
A5: 81321 | B5: 759 | C5: 32
A6: 81416 | B6: 976.23 | C6: 37
A7: 81504 | B7: 860.19 | C7: 32
A8: 81650 | B8: 585.81 | C8: 22
A9: 83014 | B9: 412.08 | C9: 15
A10: 83338 | B10: 546.13 | C10: 21
A11: 83544 | B11: 599.47 | C11: 22
A12: 83638 | B12: 853.41 | C12: 30
A13: 83706 | B13: 518.52 | C13: 18
... A44: 99350 | B44: 711.8 | C44: 22

Sheet private_rates
A1: zone | B1: rate_per_pound | C1: min_charge
A2: 2 | B2: 0.28 | C2: 4
A3: 3 | B3: 0.32 | C3: 4.3
A4: 4 | B4: 0.35 | C4: 4.65
A5: 5 | B5: 0.4 | C5: 5
A6: 6 | B6: 0.45 | C6: 5.45
A7: 7 | B7: 0.58 | C7: 6.3
A8: 8 | B8: 0.7 | C8: 7.4

Sheet published_rates
A1: zone | B1: rate_per_pound | C1: min_charge
A2: 2 | B2: 0.33 | C2: 4.2
A3: 3 | B3: 0.37 | C3: 4.65
A4: 4 | B4: 0.41 | C4: 5
A5: 5 | B5: 0.46 | C5: 5.4
A6: 6 | B6: 0.5 | C6: 5.85
A7: 7 | B7: 0.54 | C7: 6.1
A8: 8 | B8: 0.59 | C8: 6.45
